metric,mean,sd,ci_low,ci_high,n
cumulative_reward,100.16287674616702,42.269259361443474,80.38048177121158,119.94527172112245,20
final_mastery,0.4315221538083881,0.062194582604384596,0.40241452767608077,0.4606297799406954,20
time_to_mastery,nan,0.0,nan,nan,0
question_accuracy,0.8350856277449742,0.16782531880423235,0.7565418634695227,0.9136293920204257,20
blueprint_adherence,47.169082125603865,1.6356477013604949,46.4035842352456,47.934580015962126,20
content_rate,0.14075187969924813,0.27754628578696744,0.010857712348922688,0.27064604704957357,20
post_content_gain,0.03605465473819661,0.039631089533901195,0.0175069470591122,0.05460236241728103,20
