modality_name,mastery_gain
PPT,0.05976288280467789
handout,0.033048743362867505
text,0.03269421792342047
video,0.07554579938986347
