Method,Time_to_Mastery,Cumulative_Reward,Reward_SD,Blueprint_Adherence_%,Content_Rate,Post_Content_Gain,Question_Accuracy
Rule-Based Baseline,,98.91629112012602,43.21478082313349,48.10096579277447,0.10321714543005192,0.013735856034246803,0.8104185235706732
